epoch,reconstruction,phase_enabled,phase_progress,logmel_loss,logmel_l1,logmel_mse,mr_mag_256_loss,mr_mag_256_l1,mr_mag_256_mse,mr_mag_512_loss,mr_mag_512_l1,mr_mag_512_mse,magnitude_loss,magnitude_l1,magnitude_mse,mr_mag_1024_loss,mr_mag_1024_l1,mr_mag_1024_mse,if_loss,if_l1,if_mse,modgd_loss,modgd_l1,modgd_mse,phase_sin_loss,phase_sin_l1,phase_sin_mse,phase_cos_loss,phase_cos_l1,phase_cos_mse,phase_derivative,derived_if_loss,derived_gd_loss,von_mises,phase_continuity,multires,content_kl,content_beta,speaker_kl,speaker_beta,environment_kl,environment_beta,excitation_kl,excitation_beta,fidelity_kl,fidelity_beta,kl_total,orthogonality,tc,total,disc_loss,disc_real_acc,disc_perm_acc
133,5.043532884757937,1.0,0.4433333333333334,0.16489854272995286,0.1449337683561194,0.039929550013128125,0.15738469618194886,0.14008138328790665,0.0346066260866764,0.1582283164367421,0.14119067219377474,0.0340752896589746,0.15901810744109043,0.1420616530280077,0.033912909067882836,0.15851143321008174,0.14170520582044396,0.033612454807712834,0.5620098719160065,0.3302287868871034,0.4635621673278226,1.2171530814571234,0.8249148330615677,0.7844764995210953,0.8219320100682382,0.5904790904685742,0.46290584079181873,0.8347376025360049,0.5988549919983813,0.471765230175193,0.47492876330404793,0.8482137563574406,1.0515012977687457,0.24051369988281307,0.09421679616429424,0.5252716288766788,0.6470949690760547,0.009999999776482582,0.13292819693798327,0.029999999329447746,0.03760080737637655,0.07000000029802322,0.2161671725165753,0.03999999910593033,0.5758119675949329,0.009999999776482582,0.027495658010926866,0.10804627059411456,0.0,6.175594974110145,0.6931062691084301,0.49236641221374045,0.48091603053435117
134,5.047188049054328,1.0,0.44666666666666666,0.1639927996478918,0.14431315643414286,0.039359285993828576,0.1570137080004197,0.13986874542391028,0.03428992397997898,0.15807778957008406,0.1411591833101884,0.033837211879951354,0.1588598814515667,0.14197514251670765,0.03376947862330739,0.1583063874877136,0.14158740423562874,0.03343796594964184,0.5599502789155217,0.3288010948031913,0.4622983648121812,1.2191639601729298,0.8263672280857581,0.7855934678143217,0.8240091432141894,0.5919650046880008,0.4640882759148838,0.8368851510623029,0.6003790461380063,0.4730122046161244,0.4754736594116415,0.849738881788181,1.052155755858385,0.24091729317002625,0.09453799803065889,0.5241804348148462,0.6012034361599056,0.009999999776482582,0.16132715765301509,0.029999999329447746,0.03329228845830182,0.07000000029802322,0.22304336681165768,0.03999999910593033,0.5999084883973799,0.009999999776482582,0.02810312823200499,0.1051818061449373,0.0,6.176242963048338,0.6925057618672611,0.5343511450381679,0.5305343511450382
135,5.042399759511001,1.0,0.45,0.16697756491089596,0.14649746117701057,0.04096020669996284,0.1590553563628488,0.1413731722317579,0.03536436851811773,0.15978455225019964,0.14242100527950827,0.03472709364990014,0.160468055831112,0.14319809884515428,0.03453991313301425,0.1600745360132392,0.14295231880804965,0.03424443451701912,0.5645936770748546,0.3320759971633212,0.4650353600505654,1.211766520529303,0.821380203461829,0.7807726405049098,0.8191996639921465,0.58851494543425,0.46136943688829435,0.8319267853525759,0.5968454716769793,0.47016262007123644,0.47452284156821156,0.8474699513602802,1.050621410362593,0.24008996136315908,0.09394025904986694,0.5310823917388916,0.6470614785456476,0.009999999776482582,0.17307002671802316,0.029999999329447746,0.03187536352975223,0.07000000029802322,0.21308087642866236,0.03999999910593033,0.5563364420228332,0.009999999776482582,0.027980589997449904,0.10297027854462161,0.0,6.184030267118498,0.6920185448559186,0.5458015267175572,0.5114503816793893
136,5.04024026958087,1.0,0.45333333333333325,0.1664449005522801,0.14606621309773613,0.040757375591583836,0.15828976746051365,0.140773048553303,0.03503343686888009,0.15908014182826036,0.1418632328055287,0.03443381854311656,0.15967454545142998,0.14256067568336733,0.03422773930151726,0.15931504316457357,0.14230994180641102,0.03401020202671981,0.5648830594452283,0.3321738659425546,0.46541839314781075,1.2125639082821271,0.8218598716131603,0.7814080765229146,0.8192848649643759,0.5885806811674861,0.4614083660012893,0.8320820126824706,0.5969526899679927,0.4702586499789289,0.47460670553090917,0.8474756042465909,1.050951217877046,0.2400428139753924,0.09397249577837136,0.5284236810589564,0.6475139706189396,0.009999999776482582,0.1866310362824957,0.029999999329447746,0.03542481213523686,0.07000000029802322,0.2372208014699339,0.03999999910593033,0.5661888395556967,0.009999999776482582,0.02970452754552128,0.1031544704758029,0.0,6.178369376495595,0.6914862944879605,0.5229007633587787,0.5343511450381679
137,5.043442868094408,1.0,0.4566666666666666,0.16316765609360834,0.1435654218529017,0.039204468296570635,0.1565206040066617,0.13937293544752907,0.034295338504585146,0.15748442624133963,0.14060442854884928,0.033759995093498064,0.1582709200509632,0.14142911016713572,0.03368361878656704,0.15764044566463878,0.1409868078149912,0.03330727503812723,0.5598048246998824,0.32876046627532435,0.4620887195790997,1.2193940982563805,0.8264933806339293,0.7858014311499268,0.8238109286504848,0.5918247972735922,0.4639722659387661,0.8366761344079753,0.6002346927883061,0.4728828877893113,0.47534114122390747,0.8493717945259036,1.0519927694597317,0.2408725309917945,0.09445916895420496,0.5223267765445564,0.6788722590635751,0.009999999776482582,0.20459680463976532,0.029999999329447746,0.04491707074050685,0.07000000029802322,0.2232966690345575,0.03999999910593033,0.5484577449223468,0.009999999776482582,0.030487265238780103,0.09753271527872741,0.0,6.167350041047308,0.6912810866159337,0.5267175572519084,0.5114503816793893
138,5.0428132355668165,1.0,0.46,0.1653280881524996,0.14533011882587243,0.039995939264656936,0.15782362711793593,0.14048521584681883,0.03467682305410618,0.15883934276022074,0.14171419309750768,0.034250300235420694,0.15936446036318785,0.14232589139510657,0.03407713855467452,0.15891826374612691,0.14205553388322584,0.03372545977556751,0.562482197548597,0.3305657308065254,0.4638329332566443,1.2150622879275839,0.8236331257201334,0.7828583235049066,0.8213422421280664,0.5900549811261301,0.4625745258713497,0.8341722065255842,0.598445349067222,0.47145371013925275,0.4748584052533594,0.8481681451542686,1.0512654754041715,0.2404057349412496,0.09421639957728277,0.5269075272647479,0.679500429229882,0.009999999776482582,0.2199152328130853,0.029999999329447746,0.039274917673746135,0.07000000029802322,0.2258472982936233,0.03999999910593033,0.5568579726546775,0.009999999776482582,0.030744176528608527,0.09782915514047819,0.0,6.176287057745547,0.6913740380119732,0.5152671755725191,0.549618320610687
139,5.048375591976952,1.0,0.4633333333333334,0.16459725211367351,0.1446988909640385,0.03979672303153131,0.15737958570928065,0.14007124833705772,0.03461667504303783,0.15986062233684628,0.14240279884738777,0.03491564705001034,0.1591664997448448,0.14218480014846524,0.03396340038001765,0.1587709820338788,0.14190964787515975,0.033722667606504816,0.5610235827114746,0.3293910203999235,0.4632651309930641,1.2180681642685227,0.8256001144875097,0.7849361045669964,0.8230480383370669,0.5912796161101974,0.46353684809371715,0.8360014940036162,0.5997454103167731,0.47251216532619855,0.4752221780878897,0.849618146437725,1.0512705686438175,0.2407979598937144,0.09443923637612175,0.5276386862947741,0.6166219975202138,0.009999999776482582,0.22798380687946582,0.029999999329447746,0.03653587853066794,0.07000000029802322,0.2088788992348518,0.03999999910593033,0.5803155357601079,0.009999999776482582,0.02972155637356616,0.0974629964707917,0.0,6.182106025346362,0.6908696539529408,0.5343511450381679,0.5114503816793893
140,5.040052013542816,1.0,0.46666666666666673,0.16687236709221628,0.14644129813172435,0.04086213821957584,0.15873985339439553,0.14116152176875194,0.03515666374183111,0.15950058764628783,0.14222502190875644,0.03455113020249223,0.15981094755289207,0.14270301185946427,0.03421587078256234,0.16010316285013243,0.1429797460445921,0.03424683336936336,0.5655343259563883,0.3326204646634692,0.46582772554332064,1.2116031246330903,0.8211933324355205,0.7808195884901149,0.818491158594612,0.5880098465744775,0.46096262927273757,0.8312772112038299,0.596378177176905,0.46979806327637824,0.47432614464796224,0.8465394987404802,1.0507650784863771,0.2399568037904856,0.09383633920482097,0.5303209171495364,0.686542278937711,0.009999999776482582,0.24240674226338627,0.029999999329447746,0.03657316368158537,0.07000000029802322,0.1895064341885443,0.03999999910593033,0.5221449482531948,0.009999999776482582,0.029499452674889383,0.09777743318153702,0.0,6.17908200780854,0.6919747227020846,0.5419847328244275,0.5419847328244275
141,5.044062585321091,1.0,0.46999999999999986,0.16291547600777095,0.14339534693774375,0.03904025826446769,0.15579356600082558,0.13879568254902164,0.033995767209309205,0.1568202343947105,0.1400790111026691,0.03348244669783206,0.15766770876090946,0.14097239856274074,0.03339062124234802,0.1572569709925251,0.14070520851448293,0.0331035252404577,0.5586843226702158,0.32793409565022885,0.46150045654245914,1.2209051046662658,0.827505903844615,0.7867983961833342,0.8249722669142803,0.5926521566077954,0.46464022448044695,0.8378049221657614,0.6010345197815932,0.47354080590582986,0.4756047923601311,0.8502544050908271,1.0521647629847053,0.24103311864474347,0.09460407927746081,0.52016164123557,0.6190288917708943,0.009999999776482582,0.260584776865617,0.029999999329447746,0.04196068789554006,0.07000000029802322,0.1961233934373346,0.03999999910593033,0.5824984243807901,0.009999999776482582,0.030614999840960246,0.09205200380951394,0.0,6.161026910971139,0.6903258844186332,0.5267175572519084,0.5343511450381679
142,5.045853767686218,1.0,0.4733333333333333,0.1632724900850813,0.14371751226086654,0.03910995561999219,0.15605876350220832,0.13907026903319905,0.03397698888114391,0.15729980108164648,0.14050233204856175,0.03359493840741747,0.1579420325410275,0.1412239261824666,0.0334362126957938,0.1575454446195646,0.14096396387988375,0.03316296110967643,0.5593501645645113,0.32842761164403145,0.46184510538596235,1.221505803006296,0.8278121443195198,0.7873873169185551,0.8244562922543242,0.5922912864284661,0.46433001119671885,0.8374804558644768,0.6007942534585036,0.4733724043569492,0.475370301090124,0.8497329003938282,1.051748305786657,0.24103407527654225,0.09453814567727897,0.5212714537864424,0.6844455426885881,0.009999999776482582,0.27787492225188337,0.029999999329447746,0.041469126086653645,0.07000000029802322,0.19703784960371848,0.03999999910593033,0.5531572531197817,0.009999999776482582,0.0314966277965835,0.0901124810387615,0.0,6.164949544513498,0.6897976216469103,0.5343511450381679,0.549618320610687
143,5.041894010005106,1.0,0.4766666666666666,0.16641611310134408,0.14610106554877667,0.040630095894270725,0.15883222267827915,0.141290009363007,0.03508442668741896,0.1593120666860624,0.1420899822966743,0.0344441695821308,0.15965587037210247,0.1425890006864344,0.03413373998273875,0.15974699091592817,0.1427495262322535,0.033994930824762536,0.5648021502349213,0.33217074557115106,0.46526280750755133,1.2132388312398021,0.8222723898996833,0.7819328890501998,0.819242196228668,0.5885546798924454,0.4613750369949195,0.8321658459328513,0.5970073733620971,0.47031694764399345,0.4744126018677049,0.8473564882314842,1.050293916964349,0.240117525098888,0.09395162419963429,0.5296530411898634,0.654005557526159,0.009999999776482582,0.2809256055882869,0.029999999329447746,0.03546302417250535,0.07000000029802322,0.20921963896915202,0.03999999910593033,0.545566109755567,0.009999999776482582,0.03127468137056318,0.09767450237262795,0.0,6.181312022318367,0.6884919937330348,0.5572519083969466,0.549618320610687
144,5.041587392792447,1.0,0.48,0.1643596163574066,0.14448263268661862,0.039753967014546615,0.15704849402185614,0.1397892078598037,0.034518572231683566,0.15792973879866928,0.14094509343609554,0.03396929079624078,0.1582265032156733,0.1413891533290157,0.03367469862160337,0.15800254263040672,0.14127359180960036,0.03345790014154356,0.561477818106877,0.32976232298457897,0.463430990927092,1.2166412995971796,0.8247003937495574,0.7838818148802255,0.8225168476577933,0.5908948492457848,0.463243993639036,0.8353605315885471,0.5992871127055801,0.4721468350359502,0.47499862154021516,0.8489007972578966,1.0510936939079343,0.24068433433088637,0.09434105410375668,0.5239536564313728,0.6537769313986975,0.009999999776482582,0.26815669613940113,0.029999999329447746,0.0334117119378261,0.07000000029802322,0.2100093246416281,0.03999999910593033,0.558129109954106,0.009999999776482582,0.03090295339188048,0.08922184068169303,0.0,6.165008544921875,0.6893387714415106,0.5763358778625954,0.48091603053435117
145,5.0384239349656434,1.0,0.4833333333333333,0.16964227427508086,0.14852974137277095,0.04222506611743046,0.1612002032289978,0.14309236225281052,0.03621568139784664,0.1614467317366418,0.14377455134655684,0.03534436142711921,0.16210833908492372,0.1445412032363069,0.03513427226598026,0.16155987335297897,0.1441786211865549,0.034762504432378834,0.5690428089094526,0.3354269086404611,0.46723180508795586,1.2052188938810626,0.8169091207380513,0.7766195512909926,0.8145738626254424,0.5852014222217881,0.4587448801248128,0.8272660461090903,0.5935112356229593,0.4675096237022458,0.4737261984184498,0.8450599135333345,1.049844877410481,0.23923828333388758,0.0934004461151043,0.5373680807706964,0.5818613485525582,0.009999999776482582,0.2676808526952758,0.029999999329447746,0.03778928654794474,0.07000000029802322,0.19238010719987272,0.03999999910593033,0.5615894630665087,0.009999999776482582,0.029805387548021686,0.08824645776216311,0.0,6.187088667891408,0.6898717711900026,0.5114503816793893,0.5648854961832062
146,5.045863999665238,1.0,0.48666666666666675,0.16414876504026296,0.14436710728261307,0.03956331658169968,0.15736290994491287,0.14009727423882667,0.03453127230083897,0.15826899376306824,0.141249907210128,0.0340381721247926,0.15884911155200188,0.14190098193993095,0.03389625834969391,0.15844384404539152,0.14163466628271204,0.033618354970830995,0.560432221370799,0.32918462111749724,0.46249519891411295,1.2182761858437807,0.8258096575737,0.7849330656401073,0.8233968888530294,0.5915274110459189,0.4637389542492291,0.8363097683163999,0.5999644189390517,0.4726906937497263,0.47517427278839,0.8492848663839675,1.0514122238595978,0.24080026126999893,0.09440075947355678,0.5251696478319532,0.6341235228167236,0.009999999776482582,0.28700581966465666,0.029999999329447746,0.035385154585801916,0.07000000029802322,0.19841632827092673,0.03999999910593033,0.5709631574972895,0.009999999776482582,0.031074654694845657,0.09045522732532206,0.0,6.172505546162147,0.6869904130469752,0.5458015267175572,0.5801526717557252
147,5.05030285857106,1.0,0.4900000000000001,0.16101794354333224,0.14199855593779614,0.038038774983573505,0.15493799427538427,0.13817912715536948,0.033517732967459066,0.15636283983938568,0.1397356961974661,0.03325428828625506,0.15705234273016908,0.14047063318372682,0.03316341814023393,0.15660390951706252,0.14017618163168885,0.032855455614342034,0.5554719003102252,0.3256874073097724,0.45956899191587025,1.225998613670582,0.8309790605807122,0.7900391052697451,0.8285877863869412,0.595245771735679,0.46668402498005,0.8414874304341906,0.6036627888679504,0.475649282677483,0.4760539188184811,0.8520504982416867,1.052165180672216,0.24174459938329595,0.094983582676367,0.5177184830185111,0.6430627043920619,0.009999999776482582,0.2979319382259864,0.029999999329447746,0.0353646837743639,0.07000000029802322,0.18063225625580503,0.03999999910593033,0.5812355261722594,0.009999999776482582,0.03088175808257274,0.0870257239817208,0.0,6.160134442889963,0.6900300165169112,0.5267175572519084,0.5458015267175572
148,5.041077526471087,1.0,0.49333333333333335,0.16654951847691574,0.1462040891629139,0.04069085924651559,0.1581941274854973,0.14072423348672516,0.0349397876562963,0.15914176438600963,0.1419517930796128,0.03437994293271358,0.15973283179843697,0.14266217562533517,0.03414131211870499,0.15934847221347212,0.1424017258500325,0.033893493324063204,0.5641941316710174,0.33168659455903615,0.46501507922893265,1.2131953940136742,0.8222594606967373,0.7818718730038359,0.8196390885433168,0.5888292962358198,0.4616195880274736,0.8323954061697457,0.5971702146166153,0.4704503831062608,0.47439188060869697,0.847304766869727,1.0502627523800798,0.24030085226506678,0.09399407595851039,0.5282909779148247,0.610348443038591,0.009999999776482582,0.3094887813083998,0.029999999329447746,0.038650513861243053,0.07000000029802322,0.1861769100864425,0.03999999910593033,0.5729902063617269,0.009999999776482582,0.03127066139842718,0.09131342465527185,0.0,6.174586809318484,0.694208818082591,0.5038167938931297,0.5076335877862596
149,5.041900834964432,1.0,0.49666666666666665,0.16269170089077403,0.14316969524130566,0.03904401228713398,0.15626593582502757,0.1391874473286039,0.03415697550699683,0.1568246651014299,0.14006574400736174,0.033517841534077664,0.1574171431192005,0.14075441135249975,0.03332546361871348,0.1570018605535267,0.14047101816830745,0.03306168499793715,0.5589915757415859,0.3282010514317578,0.46158104861965615,1.2197180586006806,0.8267639402214807,0.7859082285684483,0.8245326330643574,0.5923405068976278,0.4643842475559875,0.8374282531155884,0.6007598365536173,0.473336826981479,0.4754677458118846,0.8499814417526013,1.0518895405849427,0.2410279561317604,0.09453330399425885,0.5204607127731993,0.6291904831660613,0.009999999776482582,0.3225483896623131,0.029999999329447746,0.0392202707362994,0.07000000029802322,0.17812029664753048,0.03999999910593033,0.5458149254777049,0.009999999776482582,0.031296735928031325,0.0828811209933221,0.0,6.155559557994813,0.68642163504171,0.5648854961832062,0.5458015267175572
150,5.0848867656620405,1.0,0.5,0.16590962399735706,0.14580235050152276,0.0402145464726873,0.15782985489332038,0.14043845594611787,0.034782797354095764,0.17172304643246963,0.15079744689109673,0.041851200469065715,0.1642887670802706,0.1460491281770568,0.036479277621584996,0.16337160521563682,0.14534652824620253,0.03605015437253786,0.5802362388326922,0.3397612639965902,0.4809499444397351,1.2162083774122574,0.8242982767010463,0.7838201950524599,0.8213209104901962,0.5900373053914718,0.46256720678496904,0.8341522248646686,0.5984217356179506,0.47146098554589366,0.47509378126559365,0.8494031816038466,1.050971946643509,0.24054821813834532,0.09420412551355727,0.549266587459404,2.1880976571381545,0.009999999776482582,1.4110501358527263,0.029999999329447746,0.9475547383532269,0.07000000029802322,0.5012065486143563,0.03999999910593033,2.0271186414565747,0.009999999776482582,0.17086075960111072,0.10631317929684661,0.018033443269398035,0.6835660861648676,6.425470738010552,0.6956550456185377,0.583969465648855,0.4198473282442748
151,5.044436276414012,1.0,0.5033333333333332,0.1658808494569691,0.14565830797184515,0.04044508194650402,0.15854177629674665,0.1410334034047964,0.03501674575546316,0.15931334454594678,0.14207342767533454,0.03447983333599249,0.15994193831472905,0.1427788252707656,0.03432622611636424,0.1591852678142431,0.14226262248654403,0.03384529095399016,0.5638029040726087,0.33156307690016185,0.46447965661988005,1.2144922213699982,0.8231906959118734,0.7826030463662766,0.8205985513352255,0.5895179673915601,0.4621611726648025,0.833380700977704,0.5978725165811204,0.4710163665181808,0.47476845934190826,0.8484850494006207,1.0505887888770067,0.24040846026125756,0.09412180342292058,0.5287113232922008,2.9963119211997693,0.009999999776482582,1.6609454873863978,0.029999999329447746,1.4016078983554403,0.07000000029802322,0.966560259120155,0.03999999910593033,3.10880480831816,0.009999999776482582,0.2476544920497268,0.04474575685351404,0.006845742248064031,0.6893568566737284,6.378732036998254,0.6936157300272061,0.5267175572519084,0.46946564885496184
152,5.091216720697534,1.0,0.5066666666666667,0.1638515788976473,0.14414418568365447,0.03941478661282827,0.1567687344460087,0.13959786796387824,0.03434173264434092,0.16490400468802635,0.1460990975148805,0.037609813962387675,0.17285825397449595,0.1517954077429444,0.042125691709513885,0.17870370537497615,0.1557090751656139,0.04598926034052181,0.5669394829346024,0.3338111270475024,0.46625671700666876,1.217968256873939,0.8255365186065208,0.7848634615199257,0.8228781983142591,0.5911511979030288,0.4634540015049563,0.83571603507486,0.5995380264202147,0.47235601685429346,0.4755056188761733,0.8502927886620733,1.0517296854776281,0.2407317071698094,0.09439111159730504,0.559346851501756,2.7377676508808864,0.009999999776482582,1.8960131798081725,0.029999999329447746,1.4425054606590562,0.07000000029802322,1.0851308971870945,0.03999999910593033,2.3986528374766576,0.009999999776482582,0.2526252152583071,0.031001024623579197,-0.002238010551304137,0.6893035710312938,6.475798162795205,0.6928188600612961,0.5114503816793893,0.5
153,5.040892793932034,1.0,0.5099999999999998,0.16624412725444968,0.14590276436496327,0.04068272357507972,0.15843045319082172,0.14088634520996618,0.03508821575554045,0.15919128452776043,0.14196560025670146,0.0344513674472807,0.15963731501393646,0.14255124034772393,0.03417214945328372,0.15943368040878353,0.14246178765333337,0.0339437862147243,0.5644218052616556,0.3317367536876038,0.4653701047405942,1.213041494365867,0.8221707530604064,0.7817414908008721,0.8194720126290358,0.5887150045569617,0.46151401364166317,0.8323297241261898,0.5971188495177349,0.4704217448944354,0.4744533525623438,0.8477705648837198,1.0500428440006635,0.2402458573115691,0.09399169643644158,0.5287971041584743,2.2880077453060004,0.009999999776482582,1.5952644056946266,0.029999999329447746,1.2461649634455907,0.07000000029802322,1.3953985858509559,0.03999999910593033,2.8125737441405083,0.009999999776482582,0.24191123508770046,0.03260811074203207,-0.0011252590202067033,0.6899637993965441,6.355577024794717,0.6932985677973915,0.49236641221374045,0.5419847328244275
154,5.054297214245978,1.0,0.5133333333333333,0.15909658002716895,0.14054584406486903,0.03710147208811445,0.15364338139086278,0.13718695767963204,0.0329128468394962,0.15528366350718126,0.13889581107228766,0.03277570582954711,0.15615660156912475,0.13977515111670238,0.032762901637106,0.1557447737978615,0.1394886993269884,0.03251215009345808,0.5521218248906027,0.3232506201922439,0.4577424055292406,1.2309693002518807,0.8343518585649156,0.793234889288895,0.8319484946381954,0.5976544882504995,0.46858801550537577,0.8448849502410597,0.6060868861111066,0.4775961289424023,0.4766604722911165,0.8538455239689077,1.052796364740561,0.24238743286096412,0.09539972097819088,0.5137721700522736,2.2251632559390466,0.009999999776482582,1.4482570313315355,0.029999999329447746,1.2128181839717254,0.07000000029802322,1.0846415894632122,0.03999999910593033,2.72059748008961,0.009999999776482582,0.221188252891293,0.033817075086288326,-0.0022327922968418167,0.6905778600969388,6.31770553297669,0.6933216188700144,0.5152671755725191,0.4961832061068702
155,5.039591188649185,1.0,0.5166666666666667,0.16503514349460602,0.14498295367674063,0.04010437877905619,0.1573180693933982,0.14000310646441147,0.0346299261707841,0.15811614004027752,0.14109149944918756,0.034049280755619964,0.158691993025878,0.14177779330097082,0.03382840025316895,0.1582927141367024,0.14152757829154722,0.0335302711428918,0.5630067634673519,0.3309409265754787,0.46413167514873827,1.2157435671973775,0.8239227633439857,0.783641604066805,0.820696024949314,0.5895862178948089,0.46221961683899393,0.8334797079326542,0.5979412368690694,0.4710769448571533,0.474625410924431,0.8483081692047701,1.0501934726729647,0.24046978377203904,0.09411591666800376,0.5248316633337327,2.1136814537849133,0.009999999776482582,1.5230495429221,0.029999999329447746,1.015936768236961,0.07000000029802322,0.908124199805369,0.03999999910593033,2.414343351626214,0.009999999776482582,0.19841227276634624,0.038074953261165674,-0.002857116685526175,0.6907082382049269,6.303847123648374,0.6932040580356394,0.5038167938931297,0.48854961832061067
156,5.04399693103237,1.0,0.52,0.16300426810297347,0.14345614984631538,0.03909623695054013,0.15612424699632266,0.13906920121143793,0.03411009304140133,0.15715476665788025,0.14032336574701862,0.03366280129563262,0.15780237800519886,0.14103220499881353,0.03354034688721859,0.15751822747802005,0.14088057083937958,0.03327531233173973,0.5589955587878482,0.328208721776045,0.46157367174861996,1.2202929622344387,0.827095402106074,0.7863951198017324,0.8246770178088705,0.5924401633612072,0.4644737082128306,0.8375385449132846,0.6008357100814353,0.4734056696636986,0.4752217458404657,0.8498683685564813,1.0510186084354196,0.2411076361668929,0.09455954528036918,0.521321346286599,2.1060903973251808,0.009999999776482582,1.4624857629528483,0.029999999329447746,0.9924762535641212,0.07000000029802322,0.9229148699127081,0.03999999910593033,2.237897519846909,0.009999999776482582,0.19370438306386234,0.03772488891196842,-0.002531680496869865,0.6906574800724291,6.296674706553685,0.6931331603581669,0.4580152671755725,0.5305343511450382
157,5.043000570690359,1.0,0.5233333333333334,0.16501044208994348,0.14495382253222794,0.040113238447153844,0.15770280673986173,0.14031586517359465,0.03477388296901952,0.1586191601880634,0.14148762372841361,0.03426307238609964,0.15907783698262148,0.1420644813480268,0.034026711418485366,0.158735440830693,0.1418478459916042,0.03377519008340954,0.5620865664864314,0.33016581139491713,0.4638415113205218,1.2156423566905596,0.8240070829864676,0.7832705628780918,0.8217760565626713,0.5903647064252664,0.4628226954973381,0.8346308451572447,0.59875990825755,0.47174187379938953,0.4747688340321752,0.8488830054989298,1.0501923297197764,0.24068926252026596,0.09426098959591553,0.5264634797136292,2.5103059652197453,0.009999999776482582,1.6980718346952481,0.029999999329447746,0.9673506631196,0.07000000029802322,0.9832650423049927,0.03999999910593033,2.356422478916081,0.009999999776482582,0.20665458629604513,0.037234040567267486,-0.0028495900750600996,0.6902510723994888,6.318349565258463,0.692808884700746,0.5114503816793893,0.5152671755725191
158,5.041195884005714,1.0,0.5266666666666665,0.16579392029128912,0.14559385140661066,0.04040013773025561,0.1579234211044457,0.14049154070724967,0.03486376174704264,0.15875214139241298,0.14162011837003796,0.034264047032947303,0.15926245469173403,0.1422424671304135,0.034039974838267754,0.15880282644097132,0.14194337489040754,0.0337189024328503,0.5634812621669915,0.33114681762593395,0.46466889021960833,1.2146455736560675,0.8232370173658123,0.7828171048455566,0.8204055524054374,0.5893784674979349,0.46205417186249303,0.8332168496292056,0.5977496675407613,0.47093436394938987,0.4745111069606461,0.8478400698144928,1.0502043580280915,0.24033203334298753,0.09406870142876647,0.5269017456142047,2.500235765034916,0.009999999776482582,1.5936517833753396,0.029999999329447746,1.168322150033849,0.07000000029802322,1.1596718152970757,0.03999999910593033,2.542342362513069,0.009999999776482582,0.22640475573885532,0.03155294907428609,-0.0022784802193006053,0.6905155746081403,6.334902166410257,0.6931690378043488,0.49236641221374045,0.5190839694656488
159,5.044978986259635,1.0,0.5300000000000001,0.16510023170982607,0.1451506355905351,0.03989919273623528,0.157326111299846,0.14007322205841996,0.034505777999417474,0.15850214517981043,0.14147365121668531,0.03405698840257548,0.15896358898350302,0.14204696486241944,0.03383324736060987,0.15886955657078108,0.14205547524545029,0.03362816309854957,0.5620196250103812,0.3301194615036477,0.46380032883345623,1.2175457673218415,0.8251535037091671,0.7847845299553325,0.8218776970419265,0.5904369952569481,0.46288140447995135,0.8347399967317363,0.5988379125376694,0.4718041706631202,0.4751043924848542,0.8496061085744668,1.0508114618199471,0.24066784534290547,0.09426198871308611,0.5257932764428263,2.0298701597534063,0.009999999776482582,1.3986544308771613,0.029999999329447746,1.025256065921929,0.07000000029802322,1.0434332631016505,0.03999999910593033,2.4646383642240335,0.009999999776482582,0.20040997089320467,0.036023200887703256,-0.0029720157628255997,0.6907782445427115,6.312015085729934,0.693001217514504,0.5114503816793893,0.5152671755725191
160,5.032564290607248,1.0,0.5333333333333333,0.1661947117620752,0.14583601410152347,0.04071739451774887,0.1576001803952319,0.14021840151257187,0.03476355653540551,0.158324422783979,0.1412717797260248,0.03410528601637779,0.15873863917725686,0.1418376590004404,0.03380196033230492,0.15829265982140112,0.1415220892042604,0.03354114242864929,0.5656807772985851,0.3328111942942816,0.4657391682835936,1.2113555587885034,0.820957733474615,0.7807956474427958,0.8178573127921301,0.5875536603782013,0.460607303235367,0.8306351709001847,0.5959091923619044,0.4694519598065442,0.4740778000755164,0.8467337725726702,1.0495774272743983,0.2400066490846736,0.09380040897895361,0.525422251861514,2.244281448480737,0.009999999776482582,1.4171471131666926,0.029999999329447746,1.1723765853707118,0.07000000029802322,1.104373454137613,0.03999999910593033,2.2661609103661458,0.009999999776482582,0.21386013344953989,0.03171978233993508,-0.0019952330349736584,0.6905843815730728,6.31113359946331,0.693064512187288,0.49236641221374045,0.5114503816793893
161,5.038679381363265,1.0,0.5366666666666667,0.16572119005536304,0.1455269072005767,0.04038856698925258,0.15782177215086596,0.14041868517644532,0.03480617356493728,0.15853696447292356,0.14142814130728482,0.03421764576964023,0.15885510159130314,0.1419004483987357,0.03390930700364686,0.1584608969456367,0.14164293273032166,0.03363592788321144,0.5637800076990637,0.33145736351267985,0.4646452883727678,1.2137366633378823,0.8226565350103014,0.7821602548351725,0.8200453597170706,0.5891181134995613,0.4618544899325334,0.832791740657719,0.597446929862481,0.4706896190879909,0.4746335883631961,0.8481956793151739,1.0503386750476051,0.24025914209489604,0.09403699033587944,0.5261495088347952,2.4716624576626844,0.009999999776482582,1.4684532398485954,0.029999999329447746,1.1548006297977826,0.07000000029802322,1.0632340512202896,0.03999999910593033,2.4467393733162917,0.009999999776482582,0.21660301851407263,0.03439760085138428,-0.0012627903417371327,0.6909181430139615,6.32351743537961,0.693119368480362,0.5305343511450382,0.4732824427480916
162,5.0490895919217404,1.0,0.54,0.1616108823596066,0.14245083404861333,0.0383200969134692,0.15553867560989074,0.1386647559418023,0.033747838973600904,0.15678714636627955,0.14008539744460854,0.03340349778646731,0.15757637021650794,0.14091656755172569,0.03331960498831654,0.1571222022175789,0.14060439237656483,0.033035620115697384,0.5566887120709164,0.3264091033061952,0.460559215936952,1.2242598551830262,0.829798550096177,0.7889226256436064,0.8271776287610294,0.5942328080876182,0.4658896420293182,0.8400400945248495,0.6026245701404018,0.4748310392139522,0.47595229972409836,0.8519603050392093,1.0518489011371408,0.24152467826395543,0.09481102461350784,0.5195414999514135,2.1910631492847705,0.009999999776482582,1.312857037282172,0.029999999329447746,1.1585182106221905,0.07000000029802322,1.2724111380467888,0.03999999910593033,2.391687981044973,0.009999999776482582,0.2172059405396003,0.02993756415365079,-0.0020898651129047153,0.6910288934489243,6.318257477447276,0.6928268015839671,0.5152671755725191,0.5229007633587787
163,5.046369730971242,1.0,0.5433333333333334,0.16378016280763932,0.14407982136912018,0.03940068200969969,0.1565703037585921,0.13943653752785604,0.03426753331459206,0.157746561724721,0.14082635796934595,0.03384040657942759,0.1584400724022443,0.1415957144198527,0.03368871457135404,0.15806258998754372,0.14135376858802243,0.03341764228717061,0.5595879579773386,0.32850805357212326,0.4621598101754225,1.2201935826367094,0.8269801567528994,0.7864268481276417,0.8241670795979391,0.5920777500585745,0.4641786570312413,0.8370650615400941,0.6004950033344385,0.47314011345382867,0.4751051864551224,0.8497769623312331,1.0506437807592728,0.24113998260661845,0.09451123366829094,0.523142245207124,2.2207597193827158,0.009999999776482582,1.451102212185168,0.029999999329447746,1.1747788882437553,0.07000000029802322,1.16838786984218,0.03999999910593033,2.6038725066730994,0.009999999776482582,0.22074942313532792,0.028025979339678323,-0.0023829561361833297,0.6906944440521356,6.3250337338629565,0.693310767184687,0.4961832061068702,0.5
164,5.042998663341726,1.0,0.5466666666666667,0.16359114055415147,0.14394060016133403,0.03930108162453611,0.15618918011434205,0.1391349341578156,0.03410849149360229,0.15740606723395922,0.14055062563137244,0.033710882216976344,0.1581253548159854,0.14133982496862194,0.033571060035974924,0.15773651714770848,0.14108733286839406,0.033298369070500815,0.5598738689459007,0.3286566179217273,0.4624345002283577,1.219275670652171,0.8264014366018864,0.785748457635632,0.8237320785304062,0.5917619575980966,0.4639402445946031,0.8365370881466465,0.6001189678679896,0.47283624101231114,0.47503748740858703,0.8494230886452071,1.0507268568941655,0.24104847218699127,0.09444575694226126,0.521890637756304,2.0787158212588945,0.009999999776482582,1.6661583658393102,0.029999999329447746,1.202902111388345,0.07000000029802322,0.8956743965622123,0.03999999910593033,2.2920340900202745,0.009999999776482582,0.21372237175930547,0.03783231864875282,-0.0019356877511540048,0.6909714555012361,6.317482762664329,0.6933333819149105,0.5343511450381679,0.4770992366412214
165,5.047225690069999,1.0,0.5499999999999998,0.16266420273152926,0.14320628310887867,0.03891583833886125,0.15607243548822766,0.13905280123230154,0.034039269208566834,0.15713937808084125,0.14034351894191202,0.03359171691286655,0.15768624222233096,0.14098453624102905,0.03340341179908914,0.15729104977755146,0.14073366711612875,0.03311476468300546,0.5585029179813298,0.32769636798450963,0.46161309544366735,1.2224312292710515,0.8284806590953856,0.7879011371663509,0.8255285611589447,0.5930508766465514,0.46495536970728224,0.8384027876926743,0.6014484335447996,0.473908708523248,0.47551369826302275,0.8509190578497093,1.0511357329273951,0.24127639670863407,0.0947167902957392,0.520875736957288,2.2519531759596965,0.009999999776482582,1.9316983896357414,0.029999999329447746,1.2923839883949921,0.07000000029802322,0.8455930716208829,0.03999999910593033,1.9279746399580977,0.009999999776482582,0.22404082847460535,0.03847219696879842,-0.002019856185990009,0.6904961025441876,6.330234272789409,0.6930388016555146,0.5534351145038168,0.4618320610687023
166,5.040952558735855,1.0,0.5533333333333335,0.16640054263913903,0.14605384524769455,0.04069339394398773,0.15844927455177743,0.14090694754405786,0.03508465353911387,0.15932577092001457,0.14206308041137594,0.034525380604935964,0.15976503952086427,0.14263487829051855,0.03426032203413148,0.15932108808792275,0.14234240512356502,0.033957365886059424,0.5644208245150005,0.3318148432797148,0.46521196178807556,1.2129656390379404,0.8221331657344149,0.7816649438770673,0.819461808859847,0.5887007922616624,0.46152203751884346,0.832187304514965,0.5970122522980202,0.4703501044338896,0.4743773684701847,0.8477634373511976,1.0497460392595248,0.24027274844755653,0.09400512164330664,0.528879830627951,2.537711130753728,0.009999999776482582,1.6705976187727833,0.029999999329447746,1.1139820536584344,0.07000000029802322,0.7689776047495486,0.03999999910593033,1.8722155376245047,0.009999999776482582,0.20295504133664924,0.04541357317299561,-0.0021719740366453006,0.6910258335921601,6.322202030939001,0.6933049928141004,0.5190839694656488,0.4732824427480916
167,5.038834888516492,1.0,0.5566666666666665,0.1656316479540053,0.14547185508804467,0.040319586684571876,0.15768879708897976,0.14033432208172236,0.0347089498012348,0.15849689405610543,0.14143116863174293,0.034131451090442314,0.15887432727422424,0.14194400290041478,0.0338606477949683,0.15853225178163471,0.14173353577160652,0.033597432460834964,0.563869510443156,0.3314390191595063,0.46486098643477636,1.214193842793239,0.8229125583444843,0.7825625698075039,0.8198857402983513,0.5890075787333132,0.4617563274525504,0.8327478143095061,0.597404933157768,0.47068576548845714,0.47462662167221537,0.8482798756533907,1.0502266164954381,0.24023934948535366,0.09404807759605291,0.525936862212101,2.238222693668977,0.009999999776482582,1.5767165577138653,0.029999999329447746,0.9253775768607627,0.07000000029802322,0.7135232504997545,0.03999999910593033,2.150424578717647,0.009999999776482582,0.18450532864978295,0.05085738731960531,-0.002224782753388312,0.6914872167674639,6.298417804805377,0.6932236857086648,0.5038167938931297,0.5114503816793893
168,5.044165239989303,1.0,0.56,0.16346914594182532,0.14379457401410314,0.03934914408294299,0.15654048977689888,0.13939265286876956,0.03429567368829068,0.15757062604636637,0.14065733506479336,0.03382658294423391,0.15818074265964158,0.14134522402332028,0.03367103723709593,0.157811276273418,0.14110912831912514,0.03340429549624447,0.5602739112067768,0.3289717504086385,0.46260431795629836,1.2194463242101306,0.8264765680291271,0.785939498257091,0.8237174904073468,0.5917524679471519,0.46393003946042244,0.8365822693773808,0.6001473346739324,0.4728698696343953,0.47506074891745587,0.8499943927954171,1.0502486074243793,0.24100706913999018,0.09450513238215265,0.5226856690781717,1.7847630413433977,0.009999999776482582,1.1234924192646987,0.029999999329447746,0.7067005120160925,0.07000000029802322,0.7013659695632585,0.03999999910593033,2.4540459308915468,0.009999999776482582,0.1536165348446096,0.05907567392835635,-0.0036321154461004096,0.6912533863810183,6.269058817215548,0.6932643570062769,0.5076335877862596,0.4961832061068702
169,5.036111325708054,1.0,0.5633333333333334,0.16681700012156073,0.14635818047832896,0.04091763853998357,0.15871401540650668,0.14109935395362724,0.0352293225218549,0.1594301697065812,0.1421257324573648,0.034608874071872874,0.15985490740028047,0.14268666653687717,0.03433648277898781,0.1594255998275662,0.14240416600048997,0.03404286751196585,0.5651020141503283,0.3323433758648297,0.46551727861848496,1.2097489779232113,0.8200665726006486,0.779364813375109,0.8181362411448063,0.587748724085684,0.46077504071570535,0.8308851273005246,0.5960759179282734,0.4696184219294832,0.47413498822969335,0.8472956441740953,1.0492443082896807,0.24003405163761313,0.09382822705816676,0.5295103144554691,2.1793993065375408,0.009999999776482582,0.9469797087989691,0.029999999329447746,0.6975329773116657,0.07000000029802322,0.75573116677408,0.03999999910593033,2.7133065271013566,0.009999999776482582,0.1563930020077538,0.06237398039634901,-0.0018803838609125934,0.6909461635669679,6.280831540813883,0.6930650923088306,0.5190839694656488,0.5
170,5.038902024276384,1.0,0.5666666666666665,0.1654094862005183,0.14530542435991856,0.04020812289917287,0.15777715341052936,0.14038022203754832,0.03479386293080472,0.1585462116103136,0.14144870621784952,0.03419501128258141,0.15900320008055854,0.14203402718514888,0.03393834557753938,0.158630988240697,0.1417953506225848,0.033671276274186965,0.563200542489991,0.33111784339861106,0.4641653952252774,1.2140925381019825,0.8229346639327421,0.7823157524334565,0.8203451551553858,0.5893291480668629,0.46203201827202134,0.833065745484738,0.5976359261811235,0.4708596422472073,0.4744100961976379,0.8476860964571247,1.0499542878784296,0.24036583566028652,0.09405508080056606,0.5262844328206914,2.1244285152158664,0.009999999776482582,1.3554825018380434,0.029999999329447746,0.9102483983258255,0.07000000029802322,0.6721227969832093,0.03999999910593033,2.513723151374409,0.009999999776482582,0.17764828985428993,0.0557809176335808,-0.002891050828736318,0.6910024035067959,6.294118593667299,0.6928610387649244,0.5114503816793893,0.4770992366412214
171,5.037830207184071,1.0,0.57,0.16693333530699023,0.14641669711083857,0.04103327603683672,0.15876986501553586,0.14114644969920165,0.03524682948095653,0.15943885793667714,0.14215347859013172,0.034570757534269615,0.15987976987398309,0.14274149433574604,0.034276551353738055,0.15958258418636467,0.14255602839793868,0.034053112408643914,0.5658441825222423,0.33269416375924615,0.46630003434101136,1.2111924859403653,0.8208738974942505,0.7806371687022784,0.8178934423068097,0.5875729445282739,0.4606409935095838,0.830606181202954,0.5958809174654138,0.4694505258825899,0.4738763270487312,0.8465304597643496,1.0489748461555888,0.24005729710782758,0.09375586184381529,0.5297266570211366,2.38389923281342,0.009999999776482582,1.4884701530441984,0.029999999329447746,0.9456420340610825,0.07000000029802322,0.7332134965721887,0.03999999910593033,2.4630524966552967,0.009999999776482582,0.18864710105739477,0.04923409158150659,-0.0020996860032083593,0.6909437539013288,6.308447968868809,0.6929832064468442,0.5152671755725191,0.5038167938931297
172,5.048810074347576,1.0,0.5733333333333333,0.16185453801437188,0.14264969504971542,0.038409685627166325,0.1556408984856751,0.13875603636030023,0.03376972522472835,0.15691034569767595,0.14018878084785155,0.03344313045323805,0.15765954440331642,0.14098674747097584,0.03334559289070259,0.15737951228409322,0.14080320730919146,0.03315261022706751,0.5565590571811181,0.3264965396801024,0.46012503249954634,1.2236835983873324,0.8294617815782096,0.7884436363482293,0.8271545021588566,0.5942092592479619,0.46589048718678133,0.8399344072997115,0.6025448318656165,0.47477914927569964,0.47566023696469895,0.8512333476816425,1.0514075974471697,0.24152740438020867,0.09484599126886775,0.5201134904650332,2.0084699829116124,0.009999999776482582,1.59519407585377,0.029999999329447746,1.0434619861704704,0.07000000029802322,0.9800023454746217,0.03999999910593033,2.242242696631046,0.009999999776482582,0.20260538035676678,0.0382491291735236,-0.003365843463955689,0.6906746803349211,6.307401143867551,0.6929022505993151,0.5229007633587787,0.4770992366412214
173,5.046258726192795,1.0,0.5766666666666667,0.16273216630211312,0.14326779635352943,0.0389287393710768,0.15602138661246262,0.1389805301455141,0.03408171389365697,0.1572269104023016,0.14038636808404487,0.03368108391847092,0.1579698547720909,0.14118419405613236,0.03357132138926109,0.15749661072747398,0.14087270666624754,0.03324780877651149,0.5581304312662314,0.32745311255673415,0.4613546355990053,1.2212463835723528,0.8277658133106377,0.7869611478033867,0.8256349413449527,0.593121946312999,0.46502598960891023,0.8384203565029698,0.6014593270898775,0.47392205359371564,0.47528285152129546,0.8506695332417962,1.0504618737533802,0.24138764843685936,0.094709271806797,0.5212502120105365,2.304657905156376,0.009999999776482582,1.613218245615486,0.029999999329447746,1.0668172909103277,0.07000000029802322,0.9641975250862936,0.03999999910593033,2.275042220836377,0.009999999776482582,0.20743865752948148,0.03716573098546449,-0.002115968095168884,0.6909653562625856,6.312664650778734,0.6932212660330852,0.4847328244274809,0.5229007633587787
174,5.043860759443909,1.0,0.58,0.16599254895940083,0.1458160451236572,0.040353009569679056,0.15807167019780355,0.14066095792382727,0.03482142488209118,0.15918922094443372,0.14199225940094648,0.03439392262486784,0.1597109934073368,0.14261210118313783,0.03419778348863808,0.15937655060800887,0.14244389255310744,0.03386531672120549,0.5628209509922348,0.33082502375122247,0.4639918567570111,1.215316164129563,0.8236805619174288,0.7832711998742955,0.820776155431762,0.5896419614325953,0.4622683909558158,0.8335385208821479,0.5979730354920598,0.47113097260016523,0.4744388624912,0.8481061272038758,1.0496493277658943,0.24051422551843046,0.09411491510522274,0.528177771631998,2.3360553379277236,0.009999999776482582,1.4443901285870384,0.029999999329447746,1.037647240944491,0.07000000029802322,0.9762060787841564,0.03999999910593033,2.634380293256454,0.009999999776482582,0.20471960829414484,0.03759342408561297,-0.0011660500807476137,0.6911532910725543,6.322566545646609,0.6930657798097334,0.5458015267175572,0.4618320610687023
175,5.043341869616326,1.0,0.5833333333333335,0.16355265813474437,0.14388519974837777,0.03933491634617325,0.15641822694367125,0.13931895980170664,0.03419853493087847,0.15748066273126893,0.14060498825238862,0.03375134830370204,0.1580999977033557,0.14129272268246149,0.033614549302417814,0.15762668381665498,0.14097340387924936,0.033306559000363334,0.5599779891603776,0.3287108802158414,0.4625342192540642,1.219378826727394,0.8264330074987338,0.7858916416423012,0.8237251452817261,0.5917535360532863,0.4639432152718988,0.8365032386233788,0.6000869337839024,0.47283261218143785,0.4750829916873961,0.8498766021874115,1.0504553672921566,0.24102538949205676,0.09447011721270684,0.5221537952204697,2.222081165277321,0.009999999776482582,1.5021500723962566,0.029999999329447746,1.0593595704959549,0.07000000029802322,0.8743879244527744,0.03999999910593033,2.6100614289291033,0.009999999776482582,0.20251661266079385,0.04158612753029998,-0.0010909127904180408,0.6912619867397629,6.309868226524528,0.693314247913943,0.5076335877862596,0.49236641221374045
176,5.039861351479101,1.0,0.5866666666666668,0.1659704799415501,0.14573854293304545,0.04046387410232129,0.15850833388230273,0.14098109657527835,0.03505447520412334,0.15893315757048948,0.14177786257430797,0.03431059073173363,0.15938297499909657,0.14234623694010362,0.03407347605400186,0.15894164497615726,0.14205856524578486,0.03376616000105406,0.5639871315646717,0.33154629136769825,0.4648816826689334,1.2129900846772521,0.8221851714694773,0.7816098132206284,0.8198570686442251,0.5889756729584614,0.4617627972864923,0.8325188146292708,0.5972418612196245,0.47055390386181023,0.4744011286560816,0.8479435553077523,1.0496609602265685,0.2403044233112845,0.0940661207978962,0.5279487551168631,2.5404345552429897,0.009999999776482582,1.4844221904987598,0.029999999329447746,1.0532493281910438,0.07000000029802322,0.878326914692653,0.03999999910593033,2.185946928635808,0.009999999776482582,0.20065700791719307,0.04151986306888684,-0.002891634414079137,0.6908684181803055,6.31428420816669,0.693194220994265,0.5343511450381679,0.5038167938931297
177,5.042111564228553,1.0,0.5900000000000001,0.1665914817393281,0.14621270436594505,0.04075755309029162,0.15846480605483965,0.1409182088975688,0.035093194563368346,0.15929018052024696,0.14201824395483686,0.034543873273006835,0.15986637156883268,0.14271073310657312,0.03431127499078066,0.1599156782599806,0.14282969197699133,0.03417197130051733,0.5639974713780498,0.33150523332239107,0.46498447633881607,1.2136447543406303,0.8225046041357609,0.782280309509685,0.8194915379276713,0.5887212748745926,0.4615405254236614,0.8322572530680941,0.5970514007197082,0.47041170469677174,0.4743242825715596,0.8479116449829276,1.0493854866683028,0.2403017756820635,0.09396597407473863,0.5295751836463696,2.453400224219752,0.009999999776482582,1.4119755120677802,0.029999999329447746,1.2704219344918055,0.07000000029802322,0.919181551187093,0.03999999910593033,2.5732396904748813,0.009999999776482582,0.2183224582717619,0.03579014611522888,-0.001575499002995922,0.6906667165173829,6.335903892080292,0.6926408400972381,0.5458015267175572,0.49236641221374045
178,5.043882632073555,1.0,0.5933333333333334,0.1633162219788282,0.14371836009143873,0.03919572385298159,0.1561991077001768,0.1391658528160503,0.03406651041520233,0.15718974491567103,0.14038997814628004,0.03359953495353915,0.1578787780217542,0.14116017469240508,0.033437206232138264,0.15760341309409104,0.14100018035592013,0.033206465760715134,0.5593791367443464,0.328371457016195,0.4620153587738066,1.220574239738115,0.8272247546501742,0.7866989733608625,0.8241300132438427,0.5920421740480961,0.4641756742965174,0.836934890455872,0.6003928689556267,0.47308404777796215,0.47505222408826114,0.8497563054543416,1.0504525872587247,0.24107528460844782,0.09454955427928735,0.5214285240828536,2.0932607223059385,0.009999999776482582,1.507168655177109,0.029999999329447746,1.3729105623623796,0.07000000029802322,0.9500830428290913,0.03999999910593033,2.6760916618900445,0.009999999776482582,0.2270156421506678,0.040959919163004586,-0.0007413028142208817,0.6903717904600478,6.333493953442756,0.6925649720293875,0.48854961832061067,0.5152671755725191
179,5.036761851711128,1.0,0.5966666666666666,0.16537664210750858,0.14519542825358514,0.04036242684050826,0.15772130152651373,0.1402941999089627,0.034854202957838094,0.15871587185231784,0.14157511492949407,0.03428151419400486,0.1589335103071373,0.14195629908838345,0.033954420802361183,0.15889955994509558,0.14200224528330882,0.03379462990653879,0.563793828696695,0.33145244885946956,0.4646827603569468,1.212385572549951,0.8218298381521502,0.7811114747105664,0.8198101829936486,0.5889480038908602,0.46172436207305384,0.8326016910203541,0.5972949989879405,0.47061338474732317,0.4742037217125638,0.8472284556345175,1.0495864334907241,0.2403412885565794,0.09397863949300679,0.5268019048767235,2.3632210028990532,0.009999999776482582,1.8682594044517924,0.029999999329447746,1.432845969236534,0.07000000029802322,1.0070061151307959,0.03999999910593033,2.474030545649638,0.009999999776482582,0.24499975588485484,0.032695247663739525,-0.0007327862767296495,0.6905740463096677,6.350980281829834,0.69306099824323,0.5343511450381679,0.48854961832061067
180,5.035223149161302,1.0,0.6,0.1685301025063937,0.14767098523505773,0.04171823502255191,0.15960729133536797,0.1418203775209325,0.03557382753644963,0.16042700165328178,0.14294344567843065,0.03496711249001153,0.160625587779147,0.1433455986717275,0.03455997947319091,0.16008289533717032,0.14296422290210506,0.03423734559528245,0.568152587377388,0.3343034359334989,0.4676982990203013,1.2072948180992185,0.8182865208341875,0.7780165895250918,0.8156690301785943,0.5859741363816588,0.45938978281639914,0.8282796144485474,0.594210963667804,0.4681373042914704,0.47349222152287723,0.8453287823509624,1.0486401019205573,0.23955783884943896,0.09350415842451212,0.5325063339626516,2.287259838963283,0.009999999776482582,1.712568834537768,0.029999999329447746,1.4534814721755398,0.07000000029802322,0.9094413204957511,0.03999999910593033,2.649164403667887,0.009999999776482582,0.2388626606637285,0.03667445617322703,-0.0014863046257621573,0.691018711064608,6.355949372735642,0.6931089472224694,0.5229007633587787,0.4847328244274809
181,5.037701188152983,1.0,0.6033333333333333,0.1661437685594304,0.14583157244643183,0.04062439210158382,0.1581997072309938,0.1407002777657436,0.034998859293076376,0.15890209462123972,0.14171307738728195,0.03437803390627826,0.15941913016424833,0.14234083907977316,0.03415658130872113,0.15898910568643163,0.14206490967109914,0.03384839112777974,0.5644917228749691,0.3319196050403682,0.4651442374891907,1.212214577289028,0.821640491940593,0.7811481747918456,0.8191187472743843,0.5884458650159472,0.4613457674743565,0.8317960477967299,0.5967231383760467,0.4701458195238623,0.4742509602135374,0.8475540539690556,1.0494497832451157,0.2401905423812284,0.09398481966429995,0.5277035466132273,2.2145932139331146,0.009999999776482582,1.8341333028924374,0.029999999329447746,1.3395929181848774,0.07000000029802322,0.8554730210595458,0.03999999910593033,2.561170119365663,0.009999999776482582,0.2307720546049016,0.04140424310364796,-0.0009740043889405916,0.6911500569518286,6.343608404843862,0.6930956835965164,0.45038167938931295,0.5267175572519084
182,5.043840135326822,1.0,0.6066666666666667,0.16521939640964262,0.14520651426251607,0.04002576403120774,0.157490870481684,0.14018827989583707,0.03460518245848308,0.15852032334522437,0.14145278179918536,0.03413508343332596,0.1592142738345015,0.14221903380319362,0.033990480702455715,0.15878741238408417,0.14193781834977273,0.0336991886231508,0.5615749206706768,0.32985025416803726,0.4634493345977696,1.2171796942485198,0.8249469244753131,0.7844655459163753,0.8218353827491062,0.5903948581855716,0.4628810427571071,0.8345743185691251,0.5987055961412328,0.471737444628286,0.474549034169612,0.8482251522195248,1.0499709862789124,0.2406581887079559,0.09423630167054765,0.5260183351640483,2.6590546123854075,0.009999999776482582,1.8016030888521035,0.029999999329447746,1.3884275523760847,0.07000000029802322,0.8877887361832247,0.03999999910593033,2.672273912502609,0.009999999776482582,0.24006285296596644,0.036622228435034515,-5.708902158715784e-06,0.6912106735105733,6.354245083932658,0.6932443266606513,0.4732824427480916,0.4961832061068702
183,5.038955433678081,1.0,0.61,0.1678264675135831,0.14721657040009972,0.04121979404212409,0.1591308190849901,0.14146491964809768,0.035331798646286244,0.16001133694676042,0.14263693055578772,0.03474881261843079,0.16049661692089706,0.14325771162300618,0.03447780903172857,0.16004891335281707,0.14296388415662387,0.034170058861602355,0.5655706556698749,0.3326601260945997,0.4658210591505502,1.2099092484430503,0.8201126720159109,0.779593164229211,0.8177745710802442,0.5874856603509597,0.46057782623604054,0.8305150156712714,0.5958018414391816,0.4694263423217162,0.4738469237589654,0.8466964650700111,1.048691224505883,0.24001553677420578,0.09380932652768288,0.5313164059442418,2.337607616686639,0.009999999776482582,1.7826063705764654,0.029999999329447746,1.2577307870369832,0.07000000029802322,0.9147022284624231,0.03999999910593033,2.6312156433367546,0.009999999776482582,0.22779566606947485,0.034754307350527695,-0.0014328295762654224,0.6913181065603067,6.345328225434281,0.6931952788629605,0.5381679389312977,0.5
184,5.0364654737574455,1.0,0.6133333333333332,0.16550013081718037,0.14537191663989585,0.040256429029955666,0.15765719110046633,0.14030262935935087,0.03470912308410834,0.15851740891696842,0.1414550967685139,0.034124623934333104,0.15894355312103534,0.14201628564650776,0.033854533498751296,0.15863287460257988,0.14183700750119813,0.03359173430229416,0.5635464771558311,0.3312455415725708,0.4646018682090381,1.2125427923129715,0.8219401331348274,0.7812053060713615,0.8198657554524545,0.58898108287622,0.4617693446974718,0.8325997591018677,0.5972887063754424,0.4706221004478804,0.47431546017413834,0.8477606855275976,1.0495011588089338,0.2403289544900865,0.09401509433074762,0.5260202145303479,1.8970584650986066,0.009999999776482582,1.7072795511202048,0.029999999329447746,1.0786931614839395,0.07000000029802322,0.8436544050697152,0.03999999910593033,2.3989157039700575,0.009999999776482582,0.20343282534420945,0.03792777023356379,-0.0024409460230754468,0.6914845900681182,6.308461640627329,0.6930831934659536,0.5152671755725191,0.5152671755725191
185,5.051468587103691,1.0,0.6166666666666667,0.16299890158058122,0.14345536608504886,0.039087070585832794,0.1558908010825856,0.13889344275452709,0.03399471617268242,0.15703376547525857,0.14024588386066086,0.03357576308700875,0.15760389539121672,0.14090480069622738,0.03339818904162136,0.16613972846788305,0.14702624190627164,0.038226973066348154,0.5589799155260771,0.3280974763040324,0.4617648788990865,1.2200951894731011,0.8270016676597013,0.7861870363468432,0.8245701371258451,0.5923585077278487,0.46442325856849437,0.8374146955613871,0.6007298080975773,0.47336977106014283,0.4750604574916927,0.8498109993133837,1.0504308265584115,0.24114309660806002,0.09453802311238442,0.5319630214731201,1.7899711395947988,0.009999999776482582,1.594613549363522,0.029999999329447746,0.9311016593270629,0.07000000029802322,0.7444016687742626,0.03999999910593033,2.5311972476143874,0.009999999776482582,0.18600327072252754,0.047484609760514655,-0.003459064384903723,0.6910365342183877,6.321681139123349,0.6929007727681226,0.5114503816793893,0.5076335877862596
186,5.047149508964014,1.0,0.62,0.16188743602456027,0.14264783030020373,0.03847921019036124,0.15534450966893262,0.13849892302323843,0.03369117345490301,0.15654530086135135,0.13987908119918735,0.03333243943807733,0.15756710897420198,0.14091845232111808,0.033297312865389214,0.15730009546489207,0.14075399207249853,0.03309220703361371,0.5570575656326673,0.32680164948674556,0.46051183251934197,1.2241246577437597,0.8296111476330357,0.7890270193114536,0.8264085568544519,0.5936743953755794,0.46546832295774504,0.8392741634645535,0.6020590012310115,0.4744303226470947,0.4754256276228956,0.8512108012010123,1.050491707925578,0.24145428074225214,0.09476022456438486,0.5192478187666595,1.876621731365,0.009999999776482582,1.5705306147801057,0.029999999329447746,1.1002533581420666,0.07000000029802322,0.8304558264390203,0.03999999910593033,2.6033667062075083,0.009999999776482582,0.20215176944514268,0.041916276669513634,-0.002034403056258208,0.6906016710150333,6.306720697242795,0.6925978483134554,0.5305343511450382,0.5152671755725191
187,5.041224821833254,1.0,0.6233333333333332,0.1662998607822957,0.14603880445920783,0.04052211352417828,0.1581996868129905,0.14074023915383652,0.03491889509791864,0.15901962849702544,0.14185172945033503,0.03433579834931679,0.1595818778030745,0.14253201301543766,0.03409972872926306,0.1591888724733855,0.14227753343017957,0.03382267727594794,0.5635900081114005,0.33112906772671763,0.4649218750818995,1.213633560042345,0.8225873695075057,0.7820923769747028,0.8200619443682314,0.5891251768774659,0.4618735368015202,0.8328292711090496,0.5974528457372243,0.4707528489236613,0.47423438602731427,0.8480646819558763,1.0488728657933593,0.24053183573347922,0.09405385441224993,0.5279468730205797,2.3325157147327453,0.009999999776482582,1.6826128022361349,0.029999999329447746,1.3670601726488303,0.07000000029802322,1.16609290264945,0.03999999910593033,2.6847866000109954,0.009999999776482582,0.24298933182508892,0.032033676373992716,-0.00030202017821556395,0.6910006777020811,6.3558227597302155,0.6930337125108442,0.5,0.5190839694656488
188,5.037290241882091,1.0,0.6266666666666668,0.1661257487330728,0.14580490440130234,0.04064168910431953,0.15796408608897042,0.14050242691549636,0.034923317899060155,0.1587558195904921,0.14161114434477026,0.03428935060519298,0.15915083953442463,0.14216482241190118,0.033972035361212176,0.15863445094068543,0.1417967879021441,0.033675325451461416,0.5647583562909192,0.3320845818246594,0.46534755098000735,1.2129776778111931,0.8220681038521628,0.7818191488280551,0.8190267891374253,0.5883808786632451,0.46129181685338494,0.8317386080290525,0.59667239685095,0.4701324180337309,0.4740602426401531,0.8471746148953911,1.0490663552102242,0.24018055428075427,0.09391709570666305,0.5267983531678906,2.405712255084788,0.009999999776482582,1.8059844370106704,0.029999999329447746,1.319045432651316,0.07000000029802322,0.9600881160670565,0.03999999910593033,2.398600217950253,0.009999999776482582,0.23295936079425666,0.03701838656179322,-0.00038283548090350993,0.6908718852596428,6.341972667752332,0.6928518155148922,0.5152671755725191,0.5
189,5.044382655893573,1.0,0.63,0.1614729146693499,0.14229404420115566,0.038357741043028484,0.15510862388911137,0.13828777840346781,0.0336416912201138,0.1560849079307709,0.13947889362355226,0.03321202862865597,0.15688959662695878,0.14032057348553462,0.033138045579024396,0.15647325897944792,0.14005056933592294,0.03284537851213271,0.5573125408805963,0.3269137608185979,0.46079756148898876,1.223635041986713,0.8293151787219156,0.7886397228896163,0.8264140031719935,0.593678047638813,0.4654719169813258,0.8392826619039055,0.6020600600097016,0.4744451976459445,0.4754342065967676,0.8510263275554162,1.0507105070216056,0.24147487460201933,0.0947999756868559,0.517516340463216,2.6098801052297347,0.009999999776482582,1.8997979218723209,0.029999999329447746,1.461865516109321,0.07000000029802322,0.94870718562876,0.03999999910593033,2.615876314294247,0.009999999776482582,0.24953037272882825,0.03797554654133229,0.0008899142427142454,0.6910294021358927,6.348823390844214,0.6931108632160508,0.5,0.49236641221374045
190,5.055338066042834,1.0,0.6333333333333333,0.1629481762078882,0.14338633139397353,0.03912368938611209,0.1558102856724317,0.13877414269301727,0.034072285660236845,0.15698296070553874,0.14017807595602427,0.03360976942793559,0.16916251119994025,0.14903022252193843,0.04026457775412625,0.16024133892914721,0.14283912407077906,0.034804429197755025,0.5595551558578288,0.3285055438070807,0.4620992241014961,1.2193864333720608,0.8265042655340588,0.7857643415909688,0.8241189973044941,0.5920297273697744,0.46417854350941784,0.8368528235049648,0.600331365607167,0.4730429121556173,0.47470749630272846,0.849003714459543,1.0498262753013436,0.24113580925774028,0.09443610707539639,0.5242778278944147,2.0549071781507884,0.009999999776482582,1.9307937148873133,0.029999999329447746,1.2945547950176792,0.07000000029802322,1.020819844180391,0.03999999910593033,2.5771190028154214,0.009999999776482582,0.23569570004030038,0.040341738853177045,1.711265835155669e-05,0.6906045766277168,6.359777428721654,0.6930051782658992,0.5229007633587787,0.5229007633587787
191,5.041963424391419,1.0,0.6366666666666668,0.16442285500864945,0.1445760421511781,0.03969362502533744,0.15717967838503932,0.13994200391168812,0.03447534967896365,0.15834118715906872,0.1413143630359919,0.0340536483954496,0.15875195996224425,0.14183274599659534,0.033838428549809764,0.158312008865462,0.14155412044461446,0.03351577733934836,0.5611872830008733,0.32950585284305894,0.46336286418310557,1.2164930833205012,0.8245826481862832,0.7838208684484467,0.8224151066241373,0.5908083383363621,0.46321353725804626,0.8351574535588272,0.5991162580388193,0.4720823896750239,0.47451790712261926,0.8486387643195291,1.0494328682659237,0.2408660330617701,0.09431885461543353,0.524855260175603,2.0180643906120124,0.009999999776482582,1.9238471720964854,0.029999999329447746,1.4527116859232196,0.07000000029802322,1.0807433637953896,0.03999999910593033,2.70532398551475,0.009999999776482582,0.24986884828287226,0.0291563147138662,-0.0008449881197173745,0.6908090774339574,6.3552759840288235,0.6931960701032449,0.49236641221374045,0.5190839694656488
192,5.038215003850806,1.0,0.64,0.16601988667522677,0.14572642521776316,0.040586922090244656,0.15805017493153348,0.1405840361391315,0.034932278381049175,0.15884932426323417,0.14168153242527984,0.03433558368301801,0.15942016329246622,0.142355042218252,0.03413024268162842,0.15909120360858567,0.14216080910831919,0.033860789469748964,0.5638014571812316,0.3314222798092675,0.4647583583839067,1.2128243141501915,0.8220279280465977,0.7815927703871982,0.81952055310475,0.588733313192848,0.46157447982380406,0.8321983008894301,0.5970003418340027,0.4703959169733615,0.4741162735087271,0.8475704033866184,1.0488946929232765,0.24035109408939156,0.09397223023057893,0.5275550298108399,2.447534992494656,0.009999999776482582,1.693170907843204,0.029999999329447746,1.4092658639864157,0.07000000029802322,0.9772430294342623,0.03999999910593033,2.9417949341635667,0.009999999776482582,0.24242675463661892,0.029732502925828214,-0.0009300742131295323,0.6907487197686698,6.3496879985314285,0.6923421771471737,0.5190839694656488,0.48854961832061067
193,5.039421667579476,1.0,0.6433333333333333,0.16598743291301582,0.14572821841895126,0.04051842837672652,0.1581663090650362,0.14069518014674878,0.03494225897406804,0.15887982523395816,0.1417209310386017,0.03431778896656883,0.15924755563490264,0.14222795283066408,0.03403920609191174,0.15902639333983415,0.1421307873066145,0.03379121141238067,0.5642224689021366,0.33166980447659966,0.4651053304435643,1.2134553039346943,0.8224281240965574,0.7820543574012873,0.8197038269224968,0.5888600467725564,0.4616875589348888,0.832296478839321,0.5970754395914442,0.47044207826825496,0.4741293542257702,0.8474349243040303,1.0490824930540479,0.24029602770131964,0.09401068392828221,0.5275981576388119,2.381531025617177,0.009999999776482582,2.0064361632325265,0.029999999329447746,1.6878569981524052,0.07000000029802322,1.0235625214249122,0.03999999910593033,2.8131509664404484,0.009999999776482582,0.27123239386172693,0.03294554944967723,0.0008772246376078092,0.6903913321385857,6.383200321488708,0.6926345661396288,0.5038167938931297,0.4961832061068702
194,5.043933387931067,1.0,0.6466666666666667,0.16346366822947073,0.14384740209988967,0.039232530556476984,0.1564390559232872,0.13935710785498145,0.03416389740918201,0.15732165687639293,0.14048337401779554,0.03367656559633617,0.15801452725898218,0.14124099551948882,0.03354706236993084,0.15765031296333284,0.14100463369875463,0.03329135815236177,0.5596399402800407,0.3285357720069303,0.46220833085875473,1.2202428788629196,0.826998146890684,0.786489469404439,0.8239636425753586,0.5919182705515214,0.46409074427517316,0.8367324162075538,0.6002418257807958,0.4729811840384971,0.474898868389712,0.8494329934811774,1.0501624828076546,0.24104690415258626,0.09451949641904758,0.5219769366369903,2.841134253349013,0.009999999776482582,2.0527818148372736,0.029999999329447746,1.6269546729007751,0.07000000029802322,0.9926393960268443,0.03999999910593033,2.935984689770764,0.009999999776482582,0.27294704363546296,0.03374568394292857,0.0005699356512223434,0.6911001642241733,6.378277003310109,0.6929317526234925,0.5114503816793893,0.5152671755725191
195,5.039329852766663,1.0,0.65,0.1645178223839243,0.14458490123275583,0.03986584268624091,0.1569974219412294,0.1397499633199386,0.034494917335002935,0.15789475491028707,0.14092371481975527,0.033942080067314265,0.15834559841465404,0.14151097663486276,0.03366924380840919,0.15810032848638433,0.14138147047230307,0.03343771415840806,0.5620458778989224,0.3301370587512737,0.4638176407977825,1.2161824548517475,0.8242886289385439,0.7837876454564451,0.8215212066664951,0.5901708748504406,0.4627006581721415,0.8343368350094511,0.5985232928327022,0.47162708003102366,0.4744260445350909,0.8485113819136875,1.0491927953166815,0.2407283976332832,0.09423309257467284,0.5239298598456928,3.1014351480789766,0.009999999776482582,2.170150960674723,0.029999999329447746,1.5731783632103724,0.07000000029802322,1.0812717020966625,0.03999999910593033,2.6975029297457396,0.009999999776482582,0.27646725892110635,0.03258786119435352,0.000619230862575377,0.6909019027957479,6.380569985804667,0.6927053855575678,0.5343511450381679,0.49236641221374045
196,5.03747378050826,1.0,0.6533333333333334,0.16773732882419615,0.14706456092477754,0.0413455372029304,0.159220025910221,0.14151144784142952,0.03541715686273484,0.1599425399348936,0.14256380634908458,0.0347574669867754,0.16035914210645297,0.14311197752715976,0.03449433033873562,0.15995111879501633,0.14284795499939956,0.03420632982356403,0.5664126515843486,0.3331507710555128,0.4665237610576717,1.2098119245230696,0.8199549590358297,0.7797139282444961,0.8170725798788872,0.586977958224202,0.4601892417168799,0.82977133670836,0.5952615633265663,0.469019545171097,0.47353574497099143,0.8462169379678391,1.0479260419161265,0.23997764630627086,0.09368171349509072,0.5313041631047052,2.783570273231914,0.009999999776482582,2.1328095061178427,0.029999999329447746,1.6054860571868548,0.07000000029802322,0.9570604107762111,0.03999999910593033,2.8187284196606117,0.009999999776482582,0.27067371042630145,0.0377968882516254,0.00039975380059331656,0.6909957846612421,6.390053974763128,0.6931970337875016,0.5229007633587787,0.4770992366412214
197,5.046084764349551,1.0,0.6566666666666666,0.16185368984255172,0.1426118512758772,0.03848367786205566,0.15523349920301946,0.1384085710835821,0.03364985581231481,0.15645147427802777,0.13981023237450432,0.03328248426915353,0.1571721052964225,0.14059495448156167,0.03315430205628162,0.1568674143716579,0.14040840417146683,0.032918021068659445,0.5566737886148555,0.3264777310021961,0.4603921154528174,1.2237011612826632,0.8293933108562731,0.7886157022177718,0.8267734009800977,0.5939333275074267,0.46568014853783235,0.8395859594563492,0.6022772925500651,0.4746173340400667,0.47543596106631153,0.8514001651574638,1.050343680017777,0.2415444944196075,0.09479181383174794,0.5184775650046254,2.364002806539754,0.009999999776482582,1.830168353692266,0.029999999329447746,1.2483117225515934,0.07000000029802322,0.9836837030549086,0.03999999910593033,2.702825660923965,0.009999999776482582,0.23230250259392135,0.03418692441671404,-0.0021316511276576184,0.6911436442200464,6.330304204052641,0.6932132976655742,0.5229007633587787,0.4961832061068702
198,5.0445214955861335,1.0,0.6599999999999999,0.1620469261103004,0.1427523963551485,0.03858906010037843,0.15541865068082591,0.13853257303019517,0.03377215557852547,0.15660206666429535,0.13990098101492146,0.03340217063757982,0.1573406252014728,0.14069771112603996,0.033285827966023036,0.15697630728019102,0.14046901532711872,0.033014583500912624,0.5572974850203245,0.3269811409120341,0.460632687989082,1.2223867491911387,0.8285310509550663,0.7877113946521556,0.8260701821960565,0.5934275725415645,0.46528522067397604,0.8388672198048075,0.6017618402269961,0.47421075847312694,0.47527796894539404,0.850824503498223,1.0502873731933478,0.24146071110517925,0.0947765632895113,0.5190914789683946,2.6621800670186984,0.009999999776482582,1.697061029099326,0.029999999329447746,1.1133888668686378,0.07000000029802322,1.0976796541505187,0.03999999910593033,2.8793605065527763,0.009999999776482582,0.2281716392012953,0.03366821248596179,-0.001752442386372811,0.6907015128900077,6.325957840635576,0.6927993893623352,0.5038167938931297,0.5076335877862596
199,5.036772578727198,1.0,0.6633333333333332,0.16460143223063636,0.14455853544801245,0.04008579456766371,0.1571470433632836,0.13982017196089258,0.03465374210806749,0.15798900003424127,0.14093689546557783,0.034104207957177675,0.15846865135067292,0.14153049852101857,0.03387630579438601,0.15803423006343478,0.14123968057732544,0.03358909924948261,0.5621768718457404,0.330250428378127,0.4638528876177227,1.214486927476548,0.8231946798681303,0.7825845056817732,0.8209301215091734,0.5897447758048545,0.46237068890615274,0.8337182789358474,0.5980789588607904,0.47127863810262605,0.47430876943901296,0.8485200837368273,1.048714991744238,0.24070368582055768,0.0942076156271323,0.5243437979512542,2.5578412882244312,0.009999999776482582,2.212719050982526,0.029999999329447746,1.11661535683479,0.07000000029802322,1.1916593613515374,0.03999999910593033,2.770048494557388,0.009999999776482582,0.24548991524991187,0.029877182956472154,-0.000878465604499153,0.6911323443623899,6.345010302449,0.6932301698750212,0.4770992366412214,0.5305343511450382
200,5.039386003072025,1.0,0.6666666666666665,0.1645084905032893,0.14459476028462404,0.039827458901714734,0.1570477069902966,0.1398110800913272,0.0344732525324776,0.15791714782933242,0.14095324835249487,0.033927799110080446,0.15838048191925952,0.1415345504424954,0.03369186355071213,0.1580048552109995,0.1412950299168361,0.03341965068785744,0.5616774445271674,0.3300523901258716,0.4632501022051309,1.2163431608039914,0.8244137327179654,0.7838588584470385,0.8217142652009279,0.590304394032209,0.46281974847990137,0.8344528083582871,0.5986056280045109,0.47169436616751986,0.47439545301990654,0.8483208790990232,1.0492609348005921,0.2407115317937982,0.09423265748351585,0.5238800572075006,2.293350580084415,0.009999999776482582,2.0039495302520636,0.029999999329447746,1.2522309108544851,0.07000000029802322,1.0225201199072917,0.03999999910593033,2.477347191963487,0.009999999776482582,0.23638242778887275,0.03268280366563615,-0.002804957123278669,0.6913076752924737,6.337064946880777,0.6930925200003704,0.5305343511450382,0.5076335877862596
201,5.0490838443959944,1.0,0.67,0.16127349157597273,0.14218112570411376,0.03818473308738179,0.15526757895491505,0.13843134000101162,0.03367247784382287,0.15644175246471667,0.13979654924105142,0.03329040533827461,0.15720946768312963,0.1406098698614208,0.03319919597755634,0.15682267983451145,0.14035071284716366,0.0329439336334476,0.5559852250659739,0.3258835557307906,0.4602033352578869,1.2255065604930615,0.8305715181445348,0.7898700860620455,0.8277573717459468,0.5946406130572311,0.4662335148749461,0.8406616299206974,0.6030400631991961,0.4752431341254984,0.4754345442047556,0.8514385555536692,1.0502996244503342,0.24177405465650195,0.09494953147555125,0.5184854175753266,2.431084834892331,0.009999999776482582,1.8725001848380984,0.029999999329447746,1.1483367381205085,0.07000000029802322,0.9244654424317921,0.03999999910593033,2.3642557431723326,0.009999999776482582,0.22149059847566008,0.0336629310125158,-0.002148975206730987,0.6912957771133831,6.322227776505565,0.6931176135558208,0.4847328244274809,0.5190839694656488
202,5.041562175022737,1.0,0.6733333333333333,0.16359994987040075,0.1439183667757129,0.039363167134916964,0.15625989243729424,0.13917497386231678,0.03416983606933637,0.15733592434011343,0.1404818605830651,0.03370812625574474,0.1581644549510861,0.1413755330989379,0.03357784453608835,0.15770505226522913,0.14105485140822316,0.03330040130877995,0.5605116004252252,0.3291803703053307,0.4626624645622632,1.2189261289953275,0.8261254202318555,0.7856014166169494,0.8231362386514213,0.5913254873443196,0.46362150193170737,0.8359337890421161,0.5996617151580694,0.4725441429906219,0.4745817971593551,0.8488195897968671,1.0495075961105695,0.24099160764963573,0.09441575089483771,0.5218900498998074,2.430019433261784,0.009999999776482582,1.7314636561706775,0.029999999329447746,1.1865618383611432,0.07000000029802322,0.8937135766480715,0.03999999910593033,2.866660871578537,0.009999999776482582,0.22371858119509602,0.03391182038023044,-0.0008448412595672234,0.6915816014049617,6.325171925639379,0.6930340619487617,0.5343511450381679,0.4770992366412214
203,5.0406098147385,1.0,0.6766666666666667,0.16335121667339603,0.14366470103841703,0.03937303080785138,0.1562953144311905,0.13918743919552737,0.034215751075619506,0.1572824465750738,0.14041796343699667,0.03372896575006365,0.1577992789049185,0.14103329841417211,0.0335319617279727,0.15740558755306797,0.14078603565465403,0.03323910381104655,0.5604899748591067,0.32902268781006794,0.462934571823091,1.219044739963444,0.8261707102069418,0.7857480540530373,0.8230520828079632,0.5912639880908355,0.46357618533927974,0.8358453685090742,0.5995966419008852,0.47249744525392545,0.4746431492212165,0.8495133755771258,1.0490592199427482,0.2410298062644842,0.09437087206667616,0.5215752609358489,2.484604244013779,0.009999999776482582,1.7415026453615146,0.029999999329447746,1.1654250194098204,0.07000000029802322,0.880938112280751,0.03999999910593033,2.782540268570412,0.009999999776482582,0.22173379657377723,0.03912344722091469,-0.0005304345522051009,0.6912681342081259,6.324525414532378,0.6929321748609761,0.5038167938931297,0.49236641221374045
204,5.036685492246206,1.0,0.6799999999999998,0.1656637972661557,0.14548232810187886,0.04036293794464974,0.15765134011971133,0.14028750348637123,0.03472767352972549,0.15846122738741736,0.14138818918976165,0.03414607762522597,0.15883931147915717,0.14190458165097783,0.033869459770107996,0.1584515469788595,0.14166080553568047,0.033581482779718085,0.5637384273168695,0.3313500519472224,0.46477675073929414,1.2132990110011501,0.822335209100301,0.7819275933367605,0.819679491847526,0.5888422695735028,0.46167444773302735,0.8323553959831936,0.597105048084987,0.4705006969339065,0.4740915896783348,0.8479234803723925,1.0484428797059386,0.2403978556394577,0.09405648981341878,0.5257917340020187,2.4273540573265717,0.009999999776482582,1.698195143510367,0.029999999329447746,1.2755302218080478,0.07000000029802322,0.9617244023403139,0.03999999910593033,2.6843955480415405,0.009999999776482582,0.2298194402046786,0.038144876426867855,0.0005530020500220472,0.691228469819513,6.337713751174111,0.6930878590081484,0.5190839694656488,0.4961832061068702
205,5.036895307875771,1.0,0.6833333333333335,0.16697323379170803,0.146423383637239,0.041099699178554175,0.15880690179480852,0.14114507321865505,0.035323657337149594,0.15953086743145498,0.14218468878787893,0.03469235865925332,0.15983655337841457,0.14264435531528852,0.03438439587031612,0.159465505364742,0.14241652093998347,0.0340979695888876,0.565570894088454,0.33254678285758915,0.46604821791175666,1.2105726495043923,0.8205020500503424,0.7801412061880563,0.8179618993788275,0.5876113194545717,0.46070115916601573,0.8306215032366396,0.5958639829213382,0.4695150388106135,0.4736356223357543,0.8465954015273174,1.047947094640659,0.2401127408024009,0.0938069149851799,0.5298602681123573,2.525888857950691,0.009999999776482582,1.7523011424159276,0.029999999329447746,1.3773821455831745,0.07000000029802322,1.0738355922334977,0.03999999910593033,2.7809252265755458,0.009999999776482582,0.24500734705961388,0.03722747520522307,-0.0018774168970212624,0.6910449166334313,6.358359493372094,0.6927748094988233,0.5038167938931297,0.5
206,5.040851742256689,1.0,0.6866666666666666,0.16422984396455853,0.14439724357301043,0.03966520039919223,0.15704660839934387,0.13982124359325598,0.03445072897944514,0.15785019640021652,0.14089663252803206,0.03390712859748884,0.15825624445467504,0.14142102810717722,0.033670431322894476,0.15796895023748164,0.14125844130989249,0.033421016582607765,0.5611415459909512,0.3295109508601764,0.4632611968590103,1.2171996931993325,0.8249992805582876,0.7844008380220137,0.8223700395977224,0.590774234697109,0.463191608436235,0.8351587666810014,0.5991030965597575,0.47211133432752306,0.47445930278938236,0.8489224041691263,1.0489148056234112,0.24085154503811407,0.09431898798651368,0.5237551916191596,2.304062537564576,0.009999999776482582,2.1076299134101575,0.029999999329447746,1.4918643909556266,0.07000000029802322,1.2125262349616481,0.03999999910593033,2.7347857151322694,0.009999999776482582,0.26654893330490315,0.030597016165559075,-7.252714106589129e-05,0.6910637385062589,6.370137087261404,0.6930139296837435,0.5114503816793893,0.5
207,5.040605060926831,1.0,0.69,0.16382240424401887,0.14409687904683688,0.03945104886585747,0.1565581905932827,0.13942969055803678,0.034256998001676024,0.15751591950427485,0.14063496165375672,0.03376191560861491,0.15795723883477786,0.14120089126224736,0.033512694945999684,0.157632679941545,0.14100593311413553,0.03325349393919224,0.5605772381065456,0.329223868728594,0.4627067346609276,1.2179340638277185,0.8254849346539447,0.7848982615325287,0.822946778690542,0.591183426953454,0.4635267062041596,0.8356617561733449,0.5994619449586359,0.4723996215194236,0.4746709982402452,0.8493439004621433,1.0493400934088322,0.240928718151937,0.09439908178480527,0.5223429903729271,2.548797736641105,0.009999999776482582,1.925090383027346,0.029999999329447746,1.5565348900001468,0.07000000029802322,1.1203660054971243,0.03999999910593033,2.7163970816226404,0.009999999776482582,0.26417673896742233,0.03074038014498376,0.00010884904084044672,0.6912515964216859,6.364946802153842,0.6930425030584554,0.5114503816793893,0.5038167938931297
208,5.0354822755769915,1.0,0.6933333333333335,0.16494529700006239,0.1448676606626001,0.040155271437900666,0.15724481232748685,0.13992763282233522,0.034634359771001884,0.1580548570242547,0.1410332461463586,0.03404322233164811,0.15858378227202946,0.14167953390656537,0.0338084964038989,0.1581597175193197,0.14139097877813658,0.03353747819329946,0.5632241868790779,0.3308993637106801,0.4646496456542998,1.2136619864529326,0.8226232474086849,0.7820774880984357,0.8200712913775262,0.5891234392428216,0.46189570062943086,0.8328046252709309,0.5974200354277632,0.47076918036883114,0.47414950924065274,0.8479507465398949,1.0486472872377353,0.24050003733798747,0.09408221081012988,0.5245669206590143,2.39789310666441,0.009999999776482582,1.9224075652260817,0.029999999329447746,1.3506537894256243,0.07000000029802322,1.0074863106239842,0.03999999910593033,2.464645726080159,0.009999999776482582,0.24114283043464632,0.03089888551706121,-0.0011229415360073033,0.6913488284322141,6.340085444559578,0.6931536179462462,0.5381679389312977,0.48854961832061067
209,5.044649098665659,1.0,0.6966666666666665,0.16112991894474465,0.1421060008743337,0.03804783621191524,0.15464508789413758,0.13796329043293729,0.03336359451005932,0.15594424870405488,0.1394269719492388,0.03303455358072547,0.15664220783319183,0.14017614500440714,0.03293212638272129,0.15628412132727282,0.13994399924542159,0.03268024377268917,0.5557350309295509,0.3258976833965942,0.45967469688590246,1.224509988122314,0.829976323906702,0.7890673379861671,0.8274434172470151,0.5944097447031327,0.4660673480452472,0.8402475250586299,0.602740619473785,0.47501380616471967,0.475501612170052,0.8516273357485997,1.0503791142966001,0.24166747040421,0.09489846923424088,0.5164126521758451,1.993787188566368,0.009999999776482582,2.066104069010902,0.029999999329447746,1.2561364037389973,0.07000000029802322,0.8927528576086495,0.03999999910593033,2.491631245795097,0.009999999776482582,0.23047696725102781,0.03811246798665242,-0.0016966469672318363,0.6914236299864208,6.325310925490983,0.6929171340156147,0.5305343511450382,0.5038167938931297
210,5.042612370643907,1.0,0.7000000000000002,0.16281720927653423,0.14331982591907486,0.03899476765335061,0.1558769791180851,0.13887473935161837,0.03400447936230944,0.1569838366321935,0.14020028562491177,0.033567102334483435,0.15763390365675206,0.14092436154152602,0.03341908413803077,0.1572351625743713,0.14066117643627501,0.03314797209134994,0.5584287566083078,0.32764316424158696,0.4615711804109675,1.220547387618145,0.8272656029417315,0.7865635643478568,0.8247832037110365,0.5924993207436482,0.46456775956481466,0.8374832818526348,0.6007684314523944,0.4734297033029658,0.47490685290962686,0.8499939428030989,1.0496334674704166,0.24132615998956083,0.09458963590041372,0.5204557533027562,1.979299147620456,0.009999999776482582,1.9496306390252731,0.029999999329447746,1.2971580201432904,0.07000000029802322,0.9643441133826743,0.03999999910593033,2.7154123801311463,0.009999999776482582,0.23481085759992817,0.034020646923143445,-0.0022307439415736965,0.6912765357330555,6.333114303705346,0.6929766108061521,0.5419847328244275,0.49236641221374045
211,5.042268603812647,1.0,0.7033333333333333,0.16287318924228653,0.14334252948751885,0.039061319879220645,0.1557867701613266,0.1387891467973476,0.03399524711186194,0.15695084563193432,0.14018024646371374,0.033541197703710494,0.1575363868179212,0.1408697262633848,0.0333333209668862,0.1571427061016323,0.14061132010840277,0.03306277172341374,0.5592485017903889,0.3281374899030642,0.4622220224096575,1.220238339809971,0.8270597230387098,0.7863572244425766,0.8244955453253885,0.5922971470210389,0.464396795471206,0.8373508394219493,0.6006639988822792,0.47337367994184715,0.47477815351413405,0.8498587662937077,1.049253842302861,0.2413030958357658,0.09456421798877133,0.520179930306573,2.2353329840507214,0.009999999776482582,1.8151258585107235,0.029999999329447746,1.3535372346412136,0.07000000029802322,0.9894069346762796,0.03999999910593033,2.8338877590558003,0.009999999776482582,0.23946986330374506,0.03237512406985496,-0.0019435663654234347,0.6907976297021822,6.336342349307228,0.6926526181570446,0.5305343511450382,0.4770992366412214
212,5.036594274389834,1.0,0.7066666666666667,0.1647207159122438,0.14470871276300373,0.040024005488016226,0.15725676067002858,0.13993455668669622,0.03464440997149653,0.1581291397678033,0.14108782563045735,0.03408262887187587,0.158640437908755,0.1417071755037053,0.03386652590493665,0.15818310443681616,0.1414050983108637,0.03355601289174484,0.5625143986166888,0.3305200599987088,0.4639886724584885,1.214236140706157,0.8230250937338094,0.78242210486463,0.8206700414191676,0.5895516171710182,0.4622368521362771,0.8333919703505421,0.5978377998330211,0.47110834558501496,0.47407955022258613,0.8477652941951315,1.0485529071502102,0.24064429843698748,0.09412770149589494,0.5247105309981426,2.3491203639343494,0.009999999776482582,1.9424812648132557,0.029999999329447746,1.6338672010043196,0.07000000029802322,1.1215029518112882,0.03999999910593033,2.921604052754759,0.009999999776482582,0.2702125006049644,0.032479057550600925,0.00010362804248815274,0.6910681324150726,6.372571035195853,0.6927894968112916,0.5343511450381679,0.5
213,5.038614895507579,1.0,0.71,0.1651660341001649,0.14512246813027913,0.04008713184024086,0.15741167541678625,0.14008578834415392,0.0346517730433181,0.15830988869184756,0.14126400040988704,0.03409177669899837,0.15878141096985068,0.14186542441371744,0.03383197277812785,0.15836867109964822,0.1415991267288914,0.03353908859932696,0.5624607724087839,0.3304124192427133,0.4640967001896778,1.2149275887103481,0.8234496776384251,0.7829558326087835,0.8208416914211885,0.5896714145445642,0.4623405521607581,0.8334492171993693,0.5978846822986166,0.47112907230399037,0.4741453662628436,0.8481030350423041,1.0484784254590973,0.24062127182046875,0.09413128334829826,0.5252315536255144,2.259888621686979,0.009999999776482582,1.99215889614047,0.029999999329447746,1.6753340140553832,0.07000000029802322,1.2014381503330842,0.03999999910593033,2.7444583769063002,0.009999999776482582,0.2751391427662536,0.03452454805231959,0.00016378041157740674,0.69131478872008,6.38164322248852,0.6932596004646243,0.5305343511450382,0.4847328244274809
214,5.038337856758642,1.0,0.7133333333333333,0.16352452934925793,0.14382142562220115,0.03940620732970024,0.15639975052753477,0.13927659813229365,0.03424630406533034,0.15738639809930596,0.14050822386532338,0.0337563484110905,0.15789372769703391,0.14111749173803184,0.03355247282799874,0.15751468435726093,0.1408779940191116,0.03327337967388275,0.5604023874260997,0.329086227953889,0.46263232394939163,1.217062245798475,0.8249663282896726,0.7841918372925911,0.8228109474400528,0.5910837713998692,0.463454355265348,0.8355288109706558,0.5993655592430639,0.4723265077776581,0.47447280164893346,0.8490507629991487,1.0488404508765417,0.2409735352710913,0.09436801092997762,0.5219388485864829,2.7742620551859147,0.009999999776482582,1.7422290940321128,0.029999999329447746,1.6465501730678647,0.07000000029802322,1.1816793743890661,0.03999999910593033,2.3067039651725127,0.009999999776482582,0.26560221828577174,0.027500827690117233,-0.0002634538806804264,0.6907251927688831,6.361304774539161,0.6929997870030294,0.4732824427480916,0.5076335877862596
215,5.039547971186747,1.0,0.7166666666666667,0.16489988144572454,0.14486141343608158,0.040076936637797884,0.15719277076138796,0.13988873561602513,0.03460807083103493,0.15817143159513256,0.14113066061079957,0.03408154099468739,0.15868450837735912,0.14176851249378147,0.03383199192356062,0.15827039919281735,0.1414901513520998,0.03356049601557373,0.5618196609821028,0.3300518798464127,0.46353556431886805,1.2157482864292524,0.8240103057322611,0.7834759604839878,0.8213459216911374,0.5900350481499242,0.4626217502674074,0.8340778510079129,0.5983257252751416,0.47150424691556975,0.47441241622881125,0.8489730708471691,1.0486765986180488,0.24067618658069437,0.09424867532180466,0.5247596543253833,3.062426035640804,0.009999999776482582,1.6300814215463537,0.029999999329447746,1.437120629630926,0.07000000029802322,1.191365086395322,0.03999999910593033,2.4128153287727416,0.009999999776482582,0.2519079011132699,0.0269026804416803,-0.0009090603037758638,0.6909455948203574,6.353517488668893,0.6931385188612319,0.5076335877862596,0.4961832061068702
